url,author,title,description,color,size,is_verified,date
https://www.amazon.in/Apple-iPhone-13-128GB-Product/product-reviews/B09G99CW2N/ref=cm_cr_arp_d_paging_btm_next_2?ie=UTF8&reviewerType=all_reviews&pageNumber=1,Adil,"5.0 out of 5 stars
Impressive Performance and Stunning Camera Quality
","
Iâ€™ve been using the iPhone 13 for the past 3-4 months, and I am thoroughly impressed with its overall performance. The A15 Bionic chip ensures smooth and lag-free operation, making multitasking a breeze.The camera quality is a standout feature, capturing vivid and detailed photos in various lighting conditions. The Night mode improvements are noticeable, delivering clear and sharp images even in low-light environments. The Cinematic mode for videos adds a professional touch, creating engaging and dynamic content.The battery life has been reliable, easily lasting a full day with moderate usage. The 120Hz ProMotion display contributes to a silky-smooth experience, enhancing gaming and video playback.The design is sleek and feels premium, while the Ceramic Shield front provides added durability. The introduction of 5G connectivity ensures fast data speeds, enhancing the overall user experience.While the absence of a charger and earphones might be a drawback for some, the iPhone 13â€™s performance, camera capabilities, and design make it a worthwhile upgrade. Highly recommended for those seeking a top-tier smartphone experience.
",Green, 128 GB,yes,Reviewed in India on 3 January 2024
https://www.amazon.in/Apple-iPhone-13-128GB-Product/product-reviews/B09G99CW2N/ref=cm_cr_arp_d_paging_btm_next_2?ie=UTF8&reviewerType=all_reviews&pageNumber=1,vaibhav,"5.0 out of 5 stars
So Beautiful, So elegant, just looking like a wow.
","
I snagged the iPhone 13 during the Great Indian Festival for an unbeatable price of 45,000, and let me tell you, it's been a game-changer in every way!Screen: The display is absolutely stunning â€“ crisp, vibrant, and the colors pop like never before. Watching videos or scrolling through photos is a treat for the eyes. No complaints here!Hanging: Zero issues with hanging or lagging. This phone handles multitasking like a champ. Switching between apps is smooth, and I haven't experienced any frustrating delays.Battery: The battery life is surprisingly impressive. I can go a full day with normal usage, and it still has juice left in the tank. No more anxiously searching for a charger midday â€“ a definite win!Comfort: The sleek design makes it a pleasure to hold, and the phone is just the right weight. It feels premium and comfortable in my hand, making it a joy to use for extended periods.Image Quality: The camera on the iPhone 13 is a true standout. The photos are sharp, and the night mode is a game-changer for capturing memories in low light. Selfies have never looked this good!Color: I went for the classic Midnight color, and it's elegant and timeless. The finish adds a touch of sophistication, and it doesn't attract fingerprints like some other phones I've had in the past.In summary, getting the iPhone 13 during the Great Indian Festival was an absolute steal. From the incredible screen to the reliable battery life and stunning camera, it's exceeded my expectations. If you're on the fence, take the plunge â€“ you won't be disappointed.
",Midnight, 128 GB,yes,Reviewed in India on 13 November 2023
https://www.amazon.in/Apple-iPhone-13-128GB-Product/product-reviews/B09G99CW2N/ref=cm_cr_arp_d_paging_btm_next_2?ie=UTF8&reviewerType=all_reviews&pageNumber=1,Pavan,"4.0 out of 5 stars
After usage of 10 days
","
The iPhone 13 is a stellar device that excels in various aspects, making it a top choice for anyone in the market for a new smartphoneDesign (5/5):The iPhone 13 boasts a refined and stylish design. Its build quality is top-notch, with a Ceramic Shield front cover and a robust aluminum frame. The color options are attractive, and the device feels great in the hand.Display (5/5):The Super Retina XDR display is a true showstopper. The colors are vibrant, and the contrast is exceptional. With a peak brightness of 800 nits, it's easy to view content even in bright sunlight. HDR content looks stunning, making it perfect for multimedia enthusiasts.Performance (5/5):Thanks to the A15 Bionic chip, the iPhone 13 delivers remarkable performance. It handles everything from multitasking to intensive gaming with ease. Apps launch quickly, and you'll experience minimal lag. This phone is a powerhouse.Camera (5/5):The dual-camera system on the iPhone 13 captures stunning photos and videos. The Night mode improvements are impressive, and the Cinematic mode adds a creative touch to videos. Whether you're a pro or a casual photographer, this phone will not disappoint.Battery Life (4.5/5):The battery life is commendable, easily lasting a full day with moderate usage. The new A15 chip is energy-efficient, which helps extend usage time. Fast charging and wireless charging support are valuable additions.Overall, the iPhone 13 is a remarkable smartphone that combines style, performance, and functionality. It's an investment in quality, and its reliability and future-proof features make it worth every penny. Whether you're upgrading from an older iPhone or switching from another brand, the iPhone 13 will not disappoint.
",Midnight, 128 GB,yes,Reviewed in India on 21 October 2023
https://www.amazon.in/Apple-iPhone-13-128GB-Product/product-reviews/B09G99CW2N/ref=cm_cr_arp_d_paging_btm_next_2?ie=UTF8&reviewerType=all_reviews&pageNumber=1,Ayesha,"5.0 out of 5 stars
Switched from Android to IOS, loved the experience, but..
","
The phone is awesome. The smoothness, the camera quality, display and the voice clarity are great. There is way better safety as every app asks to get tracked or not, to send you notifications or you can deny it. The phone in itself is so smooth and itâ€™s so easy to edit videos or reels as no lagging is there.While the experience of switching from android to iOS was great, but there are so many things which are way more complicated in iOS.I canâ€™t use true-caller and have to manually check the number, no headphone jack and airpods are kinda not useful for someone who talks for long hours on calls. (Planning to get the lightning cable wired apple earphones).Also, the fact that it does not have fingerprint is kinda shocking as phones starting from 10k also have that feature now, guess apple should really look in to it.Overall, I feel the pros outweigh the cons.Lastly, the BEST feature is the camera. The crystal clear quality of the camera was one of the reasons why I wanted to get the phone. My father has a Z fold, and personally I like the camera of the iPhone 13 way way better. Could be a personal preference, but I am satisfied.
",Midnight, 128 GB,yes,Reviewed in India on 18 December 2023
https://www.amazon.in/Apple-iPhone-13-128GB-Product/product-reviews/B09G99CW2N/ref=cm_cr_arp_d_paging_btm_next_2?ie=UTF8&reviewerType=all_reviews&pageNumber=1,Jnan Shetty,"5.0 out of 5 stars
Using after 3 months honest review
","




                    The media could not be loaded.
                



Â This is my first iPhone and it always feels good to hold this masterpiece. This looks premium not just because of its branding, it has everything which makes it feel premium. However, despite all the looks and finish, the transition from Android to Apple is not very smooth and you may constantly lack certain features that can make life easy. I was using vivo y19 Lite before this and still have that phone with me. Putting out the feature that is being missed by me-1. Forwarding Anything in Whatsapp: Forwarding anything in Whatsapp from IPhone takes bit more step as compared to what is being offered in Android. This makes the entire process slow for an Android User2. App Switcher: Apple could have easily made App Switcher easy with just light Swipe up, instead they made it with long pressed Swipe up. Why man, why.. You don't have any features for Swipe up, just make it easy to launch.3. Andorid Dialer is Always Missed: Every android has a basic feature, where you can search the contact directly from Phone Dialer, here Dialer is used for Dialing Number only and it will not suggest you similar contact from contacts or last Dial. This is really bad.. If you have to Dial a number directly, use Dialer.. If you have to dial someone from Recent Call log, shift to that and if you to dial someone from contact, shift to that. Man, all this can be done under one button, under dialer. Android user will miss this very badly.4. Sending Multiple Files in Whatsapp: If you wants to add more than 1 file directly from whatsapp, you have to do it twice. In Android, one can simple start selecting from whatspp itself and can select as many files as they wants and can send in a single click. Here for sending multiple files, you have to go to gallery or folder and select all files first and share it through whatsapp.5. No Swipe based shifting from Chats to Status and to calls: In Android Whatsapp, you can switch between Calls, Chats and Status by just swiping, here you have to press button of each.6. Contact Viewing: Contact list sorting method is still out of my mind. Man, make it easy. For example, if one of your contacts First Name or Middle Name or Last Name, any one of thing start with Alphabet ""A"", than it will be shown on top of the list. Apple, pls adopt any one method or at least allow us to customise it.7. Many Apps in Android are much more refined than its version on Apple.8. This is for those who had use Samsung Pay: Samsung Pay was one of the best app for making UPI or Card Payment, just swipe up from home screen of Samsung Phones (Only S Series) and the app is open for payment, I miss that here very badly.9. Lack of Dual Messenger Facility: You can't use two different WhatsApp numbers here in the same phone, as supported in all android right now.These are the issues that I face right now. Apart from this, the phone is good, the sound is loud and clear, it Feels Premium in Hand, the Touch is very good and Face ID works like a charm. Gesture control customisation is really good and you can customise a lot of things.
",Midnight, 128 GB,yes,Reviewed in India on 30 December 2023
https://www.amazon.in/Apple-iPhone-13-128GB-Product/product-reviews/B09G99CW2N/ref=cm_cr_arp_d_paging_btm_next_2?ie=UTF8&reviewerType=all_reviews&pageNumber=1,Sonam,"5.0 out of 5 stars
Nice one
","
Purchased during sale. Good one nice camera quality. User friendly, battery life also good
",Midnight, 128 GB,yes,Reviewed in India on 7 January 2024
https://www.amazon.in/Apple-iPhone-13-128GB-Product/product-reviews/B09G99CW2N/ref=cm_cr_arp_d_paging_btm_next_2?ie=UTF8&reviewerType=all_reviews&pageNumber=1,Amazon112233,"5.0 out of 5 stars
Awesome.. better camera quality than 14
","
I bought this phone on great indian fest. Occasion (obvio half world bought that day ğŸ˜‚)I already used 11 and 12 series before so no overall changes seen, as iphone ui is same on all, but there is major difference in camera quality (for those who are expert in photography) my friend bought 14 from FLIPKART that same day but not satisfied with camera as its not natural and very overtone photos generated, but yes video stability is better in iPhone 14 than 13So over all if you are looking for photography or some vlogging you can go with 13. Or if your budget is not in this range then you can go with 12 as well as there are no major changes
",Midnight, 128 GB,yes,Reviewed in India on 11 December 2023
https://www.amazon.in/Apple-iPhone-13-128GB-Product/product-reviews/B09G99CW2N/ref=cm_cr_arp_d_paging_btm_next_2?ie=UTF8&reviewerType=all_reviews&pageNumber=1,Deepak,"5.0 out of 5 stars
Good performance
","
Overall good  i shifted from android to i-phone . Very impressed processor camera quality is good
",Midnight, 128 GB,yes,Reviewed in India on 9 January 2024
https://www.amazon.in/Apple-iPhone-13-128GB-Product/product-reviews/B09G99CW2N/ref=cm_cr_arp_d_paging_btm_next_2?ie=UTF8&reviewerType=all_reviews&pageNumber=1,Keshav Maheshwari,"4.0 out of 5 stars
Android to Apple Transition - Not a very smooth experience
","
This is my first iPhone and it always feels good to hold this masterpiece. This looks premium not just because of its branding, it has everything which makes it feel premium. However, despite all the looks and finish, the transition from Android to Apple is not very smooth and you may constantly lack certain features that can make life easy. I was using Samsung S10 Lite before this and still have that phone with me. Putting out the feature that is being missed by me-1. Forwarding Anything in Whatsapp: Forwarding anything in Whatsapp from IPhone takes bit more step as compared to what is being offered in Android. This makes the entire process slow for an Android User2. App Switcher: Apple could have easily made App Switcher easy with just light Swipe up, instead they made it with long pressed Swipe up. Why man, why.. You don't have any features for Swipe up, just make it easy to launch.3. Andorid Dialer is Always Missed: Every android has a basic feature, where you can search the contact directly from Phone Dialer, here Dialer is used for Dialing Number only and it will not suggest you similar contact from contacts or last Dial. This is really bad.. If you have to Dial a number directly, use Dialer.. If you have to dial someone from Recent Call log, shift to that and if you to dial someone from contact, shift to that. Man, all this can be done under one button, under dialer. Android user will miss this very badly.4. Sending Multiple Files in Whatsapp: If you wants to add more than 1 file directly from whatsapp, you have to do it twice. In Android, one can simple start selecting from whatspp itself and can select as many files as they wants and can send in a single click. Here for sending multiple files, you have to go to gallery or folder and select all files first and share it through whatsapp.5. No Swipe based shifting from Chats to Status and to calls: In Android Whatsapp, you can switch between Calls, Chats and Status by just swiping, here you have to press button of each.6. Contact Viewing: Contact list sorting method is still out of my mind. Man, make it easy. For example, if one of your contacts First Name or Middle Name or Last Name, any one of thing start with Alphabet ""A"", than it will be shown on top of the list. Apple, pls adopt any one method or at least allow us to customise it.7. Many Apps in Android are much more refined than its version on Apple.8. This is for those who had use Samsung Pay: Samsung Pay was one of the best app for making UPI or Card Payment, just swipe up from home screen of Samsung Phones (Only S Series) and the app is open for payment, I miss that here very badly.9. Lack of Dual Messenger Facility: You can't use two different WhatsApp numbers here in the same phone, as supported in all android right now.These are the issues that I face right now. Apart from this, the phone is good, the sound is loud and clear, it Feels Premium in Hand, the Touch is very good and Face ID works like a charm. Gesture control customization is really good and you can customize a lot of things.
",Midnight, 128 GB,yes,Reviewed in India on 4 February 2023
https://www.amazon.in/Apple-iPhone-13-128GB-Product/product-reviews/B09G99CW2N/ref=cm_cr_arp_d_paging_btm_next_2?ie=UTF8&reviewerType=all_reviews&pageNumber=1,Sarvesh,"4.0 out of 5 stars
Massive oneğŸŒŸ
","
Its been more than 3 months since i purchased this during great Indian festival season in oct... quality is impressive... packaging is impressive but only one thing that i give it 4stars that amazon didn't provide open box delivery for this order....ğŸ«¥ otherwise no issues...
",Midnight, 128 GB,yes,Reviewed in India on 13 January 2024
https://www.amazon.in/Apple-iPhone-13-128GB-Product/product-reviews/B09G99CW2N/ref=cm_cr_arp_d_paging_btm_next_2?ie=UTF8&reviewerType=all_reviews&pageNumber=2,KARAN UDAY NAGVEKAR,"4.0 out of 5 stars
Smooth as butter
","
This is very much first time I am using an Iphone and my experience is very good until now. UI is very seamless and lag free but yes sometimes i noticed app crashing or getting refresh in background. Camera quality is superb especially for videography. Night photos are ok but can still see grains while taking photo in low light situation.
",Midnight, 128 GB,yes,Reviewed in India on 6 January 2024
https://www.amazon.in/Apple-iPhone-13-128GB-Product/product-reviews/B09G99CW2N/ref=cm_cr_arp_d_paging_btm_next_2?ie=UTF8&reviewerType=all_reviews&pageNumber=2,Nagendra Singh Madnawat,"4.0 out of 5 stars
The iPhone 13 - A Stunning Upgrade!
","
The iPhone 13 is, without a doubt, a game-changer. As an avid Apple user, I recently upgraded to this incredible device, and it has exceeded my already high expectations in every way. Here's why I am thoroughly impressed with the iPhone 13:Performance: The A15 Bionic chip is a powerhouse. It makes everything I do on my phone feel lightning-fast and seamless. Whether I'm gaming, streaming, or multitasking, the iPhone 13 handles it all effortlessly.Display: The Super Retina XDR display is a work of art. The colors are vivid, the brightness is exceptional, and the contrast is stunning. Whether I'm watching movies, browsing the web, or scrolling through social media, the visual experience is second to none.Camera: The camera system on the iPhone 13 is nothing short of amazing. It captures photos and videos with outstanding clarity and detail. The Night mode has been a game-changer for low-light photography, and the Cinematic mode for videos adds a whole new dimension to my creative endeavors.Battery Life: Apple has improved battery life on the iPhone 13, and it shows. I can go through an entire day of heavy usage without needing to reach for a charger. The battery management features are also impressive, ensuring I get the most out of every charge.iOS: The iPhone 13 runs on iOS, and the user experience is unmatched. The interface is intuitive, and the App Store offers a vast ecosystem of apps that enhance the device's capabilities.Design: The iPhone 13 boasts a sleek and premium design. It's durable and feels great in hand. The Ceramic Shield front cover offers extra protection, which is a welcome addition.5G Capability: The iPhone 13 is 5G-ready, which means I can experience lightning-fast data speeds and low latency, making it future-proof and ready for the latest advancements in mobile technology.Privacy and Security: Apple's commitment to user privacy and security is commendable. With features like Face ID and enhanced data protection, I feel confident that my personal information is in safe hands.In summary, the iPhone 13 is a stunning upgrade, delivering on Apple's legacy of innovation and excellence. It offers exceptional performance, a breathtaking display, a camera system that redefines mobile photography and videography, and a design that exudes luxury. This device is a testament to Apple's commitment to pushing the boundaries of what a smartphone can be. If you're looking for the best in the business, the iPhone 13 is it. I wholeheartedly recommend it to anyone seeking a top-tier mobile experience. It's worth every penny and more!
",Starlight, 256 GB,yes,Reviewed in India on 1 November 2023
https://www.amazon.in/Apple-iPhone-13-128GB-Product/product-reviews/B09G99CW2N/ref=cm_cr_arp_d_paging_btm_next_2?ie=UTF8&reviewerType=all_reviews&pageNumber=2,Rishabh Bargala,"4.0 out of 5 stars
auto restart issue in iphone 13
","
overall phone is good but my device got issue, auto restart , had to go service centre and now it is fine but that was not expected , maybe software bug issue but had to visit service centre 3 days for that rest is fine
",Starlight, 256 GB,yes,Reviewed in India on 5 January 2024
https://www.amazon.in/Apple-iPhone-13-128GB-Product/product-reviews/B09G99CW2N/ref=cm_cr_arp_d_paging_btm_next_2?ie=UTF8&reviewerType=all_reviews&pageNumber=2,Manikandan,"4.0 out of 5 stars
Value for money
","
Such a nice product and seller also before receiving order I am scared about the product and seller but both are good and nice thanks Amazon and the seller
",Starlight, 256 GB,yes,Reviewed in India on 7 January 2024
https://www.amazon.in/Apple-iPhone-13-128GB-Product/product-reviews/B09G99CW2N/ref=cm_cr_arp_d_paging_btm_next_2?ie=UTF8&reviewerType=all_reviews&pageNumber=2,Placeholder,"4.0 out of 5 stars
The phone was beautiful in iOS 16, horrible in iOS 17
","
here's my verdict after the iOS 17.1.2 update.* horrible battery life, i end up charging twice a day* camera app freezes in when portrait mode is opened* Phone is much more laggy since the iOS 17 update.* IG reels play in the background at times, even when looking at another reel.* My battery health has dropped from 99% to 91% since the iOS 17 update.* What made the battery life worse was the magsafe charger. If you don't have it yet, don't buy it as it is a  slow charger (for overnight charging) and generates a lot of heat when charging, i ended up buying an  aluminium stand so that the heat would dissipate through the stand.If a company forces you to buy several other products for the customer to use it for its intended purpose, then please choose another device.Westerners don't have to worry about it as they have apple care + clubbed into their purchase in the form of an EMI. Plus , they have theft protection with their apple care + which is not available for the iPhones sold in India.Do not buy an iPhone if its just a status symbol for you, buy it if it suits your needs.
",Starlight, 256 GB,yes,Reviewed in India on 4 December 2023
https://www.amazon.in/Apple-iPhone-13-128GB-Product/product-reviews/B09G99CW2N/ref=cm_cr_arp_d_paging_btm_next_2?ie=UTF8&reviewerType=all_reviews&pageNumber=2,ENERTECH ENGINEERS,"4.0 out of 5 stars
Good product
","
Good product
",Midnight, 128 GB,yes,Reviewed in India on 14 January 2024
https://www.amazon.in/Apple-iPhone-13-128GB-Product/product-reviews/B09G99CW2N/ref=cm_cr_arp_d_paging_btm_next_2?ie=UTF8&reviewerType=all_reviews&pageNumber=2,Amazon Customer,"4.0 out of 5 stars
iPhone 13 black
","
Performance decent and battery life is not good
",Midnight, 128 GB,yes,Reviewed in India on 6 January 2024
https://www.amazon.in/Apple-iPhone-13-128GB-Product/product-reviews/B09G99CW2N/ref=cm_cr_arp_d_paging_btm_next_2?ie=UTF8&reviewerType=all_reviews&pageNumber=2,Cha kmhoaa,"4.0 out of 5 stars
Awesome
","
Good product
",Midnight, 128 GB,yes,Reviewed in India on 13 January 2024
https://www.amazon.in/Apple-iPhone-13-128GB-Product/product-reviews/B09G99CW2N/ref=cm_cr_arp_d_paging_btm_next_2?ie=UTF8&reviewerType=all_reviews&pageNumber=2,Jayesh Kumar Mantry,"4.0 out of 5 stars
Best phone experience.
","
Design:The iPhone 13 retains the classic Apple design with a sleek and modern appearance. It's available in various colors, catering to different tastes. The build quality is top-notch, with a Ceramic Shield front cover and durable materials that feel premium in hand.Display:The device features a Super Retina XDR OLED display, which offers vibrant colors, deep blacks, and impressive brightness. It's perfect for watching videos, browsing the web, or gaming. The display quality enhances the overall user experience.Performance:Apple's A15 Bionic chip powers the iPhone 13, and it's a powerhouse. The device handles multitasking and demanding applications with ease. It's an excellent choice for both casual and power users. The performance improvements extend to better gaming experiences and faster app launches.Camera:The iPhone 13's camera system offers impressive photography capabilities. It features a dual-camera setup with sensor-shift optical image stabilization, Night mode, and Deep Fusion. These features result in stunning photos, even in low light conditions. The Pro models offer even more advanced camera options.Battery Life:One notable improvement is the battery life. The iPhone 13 provides all-day battery life, which is a significant advantage for users who rely on their phones for work and entertainment. You can expect long-lasting performance without frequent recharging.Software:The device runs on iOS, Apple's operating system known for its stability, security, and regular updates. iOS 15 brings new features like Focus mode, improved notifications, and enhanced FaceTime capabilities, which enhance the overall user experience.Connectivity:The iPhone 13 supports 5G connectivity, ensuring faster download and streaming speeds. It's also equipped with Wi-Fi 6 and offers a seamless online experience.
",Midnight, 128 GB,yes,Reviewed in India on 2 November 2023
https://www.amazon.in/Apple-iPhone-13-128GB-Product/product-reviews/B09G99CW2N/ref=cm_cr_arp_d_paging_btm_next_2?ie=UTF8&reviewerType=all_reviews&pageNumber=2,debarghyo chaudhuri,"4.0 out of 5 stars
Review after 1 week of usage
","
Got it for 65K on Amazon prime day. So as a lifelong android user I have switched to IOS. So will be dividing this into the pros and negs:Product red 128GBPros:1) Received genuine product from Amazon( was quite sceptic about it though)2) Built quality excellent3) Camera quality excellent. True to life color reproduction, Indoor conditions amazing, night photos are good, facial tones are very good, day clicks are amazing. In short it's an amazing exp. Selfie cam also produces very good quality images. And also no shift in dynamic range while shifting B/W wide and ultra wide cams.4) Display:- Its a really great display, not 120 hz, but the experience is no less than a 120 hz, coz of apple's great software optimization, buttery smooth, no jitters on the screen, won't feel like a 60 hz panel. Now the notch, yes it will be bothering a little bit but its got its own functions, face unlock and stuff (works great in all environmental conditions)after a little while you get adjusted and it got its own magic functions like when when the phone rings and you go close to it, it detects your presence and lowers the vol level.5) Performance: Most powerful processor in the world.6) Battery:- With light usage will easily go for 2 days and with heavy 1 day. Remember to follow a charging pattern and it will give a solid battery exp.7) Speakers: Very loud with a small thumpCons:1) To keep photos and stuff you need to buy storage. 5 GB by default but that's nothing. Download google photos as an alternate sol. if you don't wanna buy storage.2) File management system sucks, android is much better.3) It has dolby atmos but for that you need a subscription to Apple music.4) Does not have a telephoto cam, which I think is a must at this price point.5) Somehow I am not getting 4g+ on my airtel, don't know why but in my android phone always used to get that.6) No USB C7) Siri is dumb AF8) Apple maps are not good, so download Google maps.9) Google keypad is much better than apple's.10) Notification panel and those small things like typing in the notification panel and other things that you can do in android is much much better than apple.11) As of now no haptic feedback while typing maybe coming on IOS 16Note:- Apple ecosystem still exploring that part but whenever you click any pic it automatically gets updated and I can see it in my Macbook also.Overall I would say if you are planning to buy a phone for responsiveness and does the everyday stuff without any hanging problems and stuff then buy it, and also if you are planning to keep it for a long time, then I think its a good investment for the future. Its got Great resale value.Hope this helps in making your decision easier.Update after 2 weeks of usage:All the above points remains the same, but I did check out the ecosystem and the experience has been amazing.1) I can receive and make phone calls (cellular calls) from my macbook, and the call quality is also good.So basically you can keep your phone in some other section of the house and you are working with your macbook somewhere else and if some call comes you can receive that on your macbook. PS:- your phone and macbook should be connected to a similar network, i.e wi-fi.2) Airplay- Just from the lock screen itself i can play any video and also listen to music from my phone. So basically you can watch youtube amazon prime videos(app not in the macbook but present on phone) and other stuff and also listen to music, and the switch of devices is also seamless. So someone in my house can use my macbook to watch movies on amazon prime(playing from my phone) and I can browse linkedin or FB from my iphone.
",Midnight, 128 GB,yes,Reviewed in India on 30 July 2022
https://www.amazon.in/Apple-iPhone-13-128GB-Product/product-reviews/B09G99CW2N/ref=cm_cr_arp_d_paging_btm_next_2?ie=UTF8&reviewerType=all_reviews&pageNumber=3,Jitu Rajput,"4.0 out of 5 stars
Ok
","
Good
",Green, 128 GB,yes,Reviewed in India on 7 January 2024
https://www.amazon.in/Apple-iPhone-13-128GB-Product/product-reviews/B09G99CW2N/ref=cm_cr_arp_d_paging_btm_next_2?ie=UTF8&reviewerType=all_reviews&pageNumber=3,Sony WH-CH520,"4.0 out of 5 stars
heating
","
sometimes overheating issues
",Green, 128 GB,yes,Reviewed in India on 4 January 2024
https://www.amazon.in/Apple-iPhone-13-128GB-Product/product-reviews/B09G99CW2N/ref=cm_cr_arp_d_paging_btm_next_2?ie=UTF8&reviewerType=all_reviews&pageNumber=3,SACHIN KUMAR,"4.0 out of 5 stars
Nice phone
",,Green, 128 GB,yes,Reviewed in India on 31 December 2023
https://www.amazon.in/Apple-iPhone-13-128GB-Product/product-reviews/B09G99CW2N/ref=cm_cr_arp_d_paging_btm_next_2?ie=UTF8&reviewerType=all_reviews&pageNumber=3,Shivam Patel,"4.0 out of 5 stars
Camera quality is good
","
4
",Green, 128 GB,yes,Reviewed in India on 3 January 2024
https://www.amazon.in/Apple-iPhone-13-128GB-Product/product-reviews/B09G99CW2N/ref=cm_cr_arp_d_paging_btm_next_2?ie=UTF8&reviewerType=all_reviews&pageNumber=3,jalaluddin,"4.0 out of 5 stars
iPhone 13
","
Good product
",Midnight, 128 GB,yes,Reviewed in India on 29 December 2023
https://www.amazon.in/Apple-iPhone-13-128GB-Product/product-reviews/B09G99CW2N/ref=cm_cr_arp_d_paging_btm_next_2?ie=UTF8&reviewerType=all_reviews&pageNumber=3,suhail,"4.0 out of 5 stars
Good
","
iPhone is good but they are double the cost for what they offerMaybe thrice
",Midnight, 128 GB,yes,Reviewed in India on 28 December 2023
https://www.amazon.in/Apple-iPhone-13-128GB-Product/product-reviews/B09G99CW2N/ref=cm_cr_arp_d_paging_btm_next_2?ie=UTF8&reviewerType=all_reviews&pageNumber=3,Moine,"4.0 out of 5 stars
Awesome experienceğŸ‘ğŸ¼ good for everything
","
Good performance but  sometimes is something lag my screen
",Midnight, 128 GB,yes,Reviewed in India on 28 December 2023
https://www.amazon.in/Apple-iPhone-13-128GB-Product/product-reviews/B09G99CW2N/ref=cm_cr_arp_d_paging_btm_next_2?ie=UTF8&reviewerType=all_reviews&pageNumber=3,Gurbhej Gill,"4.0 out of 5 stars
Fantastic phone
","
I have been using this phone since last 2 months.  camera quality is very good.  The battery backup is good and lasts for 5 hours on a single charge.  There is a problem in the phone, sometimes when a call comes, the sensor system does not work when you move the phone away.
",Midnight, 128 GB,yes,Reviewed in India on 6 December 2023
https://www.amazon.in/Apple-iPhone-13-128GB-Product/product-reviews/B09G99CW2N/ref=cm_cr_arp_d_paging_btm_next_2?ie=UTF8&reviewerType=all_reviews&pageNumber=3,Consumer,"4.0 out of 5 stars
Good Choice
","
Good Camera Quality in Night as well as in Day Light Battery should be an issue for such consumers who use it for heavy use other wise good product at that price 45k
",Midnight, 128 GB,yes,Reviewed in India on 14 December 2023
https://www.amazon.in/Apple-iPhone-13-128GB-Product/product-reviews/B09G99CW2N/ref=cm_cr_arp_d_paging_btm_next_2?ie=UTF8&reviewerType=all_reviews&pageNumber=3,takhat singh,"4.0 out of 5 stars
Not bad
","
I like it b
",Midnight, 128 GB,yes,Reviewed in India on 27 December 2023
https://www.amazon.in/Apple-iPhone-13-128GB-Product/product-reviews/B09G99CW2N/ref=cm_cr_arp_d_paging_btm_next_2?ie=UTF8&reviewerType=all_reviews&pageNumber=4,Abhishek Mishra,"4.0 out of 5 stars
Camera
","
Micro lens are blurred
",Midnight, 128 GB,yes,Reviewed in India on 29 December 2023
https://www.amazon.in/Apple-iPhone-13-128GB-Product/product-reviews/B09G99CW2N/ref=cm_cr_arp_d_paging_btm_next_2?ie=UTF8&reviewerType=all_reviews&pageNumber=4,Akshay Mokashi,"5.0 out of 5 stars
Awesome
","
â€ â€ â€ â€ â€ â€ â€ â€ â€ â€ â€ â€ â€ â€ â€ â€ â€ â€ â€ â€ â€ â€ â€ â€ â€ â€ â€ â€ â€ â€ â€ â€ â€ â€ â€ â€ â€ â€ â€ â€ â€ â€ â€ â€ â€ â€ â€ â€ â€ â€ â€ â€ â€ â€ â€ â€ â€ â€ â€ â€ â€ â€ â€ â€ â€ â€ â€ â€ â€ â€ â€ â€ â€ â€ â€ â€ â€ â€ â€ â€ â€ â€ â€ â€ â€ â€ â€ â€ â€ â€ â€ â€ â€ â€ â€ â€ â€ â€ â€ â€ â€ â€ â€ â€ â€ â€ â€ â€ â€ â€ â€ â€ â€ â€ â€ â€ â€ â€ â€ â€ â€ â€ â€ â€ â€ â€ â€ â€ â€ â€ â€ â€ â€ â€ â€ â€ â€ â€ â€ â€ â€ â€ â€ â€ â€ â€ â€ â€ â€ â€ â€ â€ â€ â€ â€ â€ â€ â€ â€ â€ â€ â€ â€ â€ â€ â€ â€ â€ â€ â€ â€ â€ â€ â€ â€ â€ â€ â€ â€ â€ â€ â€ â€ â€ â€ â€ â€ â€ â€ â€ â€ â€ â€ â€ â€ â€ â€ â€ â€ â€ â€ â€ â€ â€ â€ â€ â€ â€ â€ â€ â€ â€ â€ â€ â€ â€ â€ â€ â€ â€ â€ â€ â€ â€ â€ â€ â€ â€ â€ â€ â€ â€ â€ â€ â€ â€ â€ â€ â€ â€ â€ â€ â€ â€ â€ â€ â€ â€ â€ â€ â€ â€ â€ â€ â€ â€ â€ â€ â€ â€ â€ â€ â€ â€ â€ â€ â€ â€ â€ â€ â€ â€ â€ â€ â€ â€ â€ â€ â€ â€ â€ â€ â€ â€ â€ â€ â€ â€ â€ â€ â€ â€ â€ â€ â€ â€ â€ â€ â€ â€ â€ â€ â€ â€ â€ â€ â€ â€ â€ â€ â€ â€ â€ â€ â€ â€ â€ â€ â€ â€ â€ â€ â€ â€ â€ â€ â€ â€ â€ â€ â€ â€ â€ â€ â€ â€ â€ â€ â€ â€ â€ â€ â€ â€ â€ â€ â€ â€ â€ â€ â€ â€ â€ â€ â€ â€ â€ â€ â€ â€ â€ â€ â€ â€ â€ â€ â€ â€ â€ â€ â€ â€ â€ â€ â€ â€ â€ â€ â€ â€ â€ â€ â€ â€ â€ â€ â€ â€ â€ â€ â€ â€ â€ â€ â€ â€ â€ â€ â€ â€ â€ â€ â€ â€ â€ â€ â€ â€ â€ â€ â€ â€ â€ â€ â€ â€ â€ â€ â€ â€ â€ â€ â€ â€ â€ â€ â€ â€ â€ â€ â€ â€ â€ â€ â€ â€ â€ â€ â€ â€ â€ â€ â€ â€ â€ â€ â€ â€ â€ â€ â€ â€ â€ â€ â€ â€ â€ â€ â€ â€ â€ â€ â€ â€ â€ â€ â€ â€ â€ â€ â€ â€ â€ â€ â€ â€ â€ â€ â€ â€ â€ â€ â€ â€ â€ â€ â€ â€ â€ â€ â€ â€ â€ â€ â€ â€ â€ â€ â€ â€ â€ â€ â€ â€ â€ â€ â€ â€ â€ â€ â€ â€ â€ â€ â€ â€ â€ â€ â€ â€ â€ â€ â€ â€ â€ â€ â€ â€ â€ â€ â€ â€ â€ â€ â€ â€ â€ â€ â€ â€ â€ â€ â€ â€ â€ â€ â€ â€ â€ â€ â€ â€ â€ â€ â€ â€ â€ â€ â€ â€ â€ â€ â€ â€ â€ â€ â€ â€ â€ â€ â€ â€ â€ â€ â€ .
",Midnight, 128 GB,yes,Reviewed in India on 8 October 2023
https://www.amazon.in/Apple-iPhone-13-128GB-Product/product-reviews/B09G99CW2N/ref=cm_cr_arp_d_paging_btm_next_2?ie=UTF8&reviewerType=all_reviews&pageNumber=4,Sandeep,"4.0 out of 5 stars
Over all great product
","
Its a great product. Few things I did not like is the size. I would prefer small sized phones. The option was deprecated when I bought.Also I liked the previous control center coming from bottom and not from top corner, while the phone is big
",Green, 128 GB,yes,Reviewed in India on 13 December 2023
https://www.amazon.in/Apple-iPhone-13-128GB-Product/product-reviews/B09G99CW2N/ref=cm_cr_arp_d_paging_btm_next_2?ie=UTF8&reviewerType=all_reviews&pageNumber=4,Sabir khan,"4.0 out of 5 stars
Very good
","
I'm good
",Green, 128 GB,yes,Reviewed in India on 2 January 2024
https://www.amazon.in/Apple-iPhone-13-128GB-Product/product-reviews/B09G99CW2N/ref=cm_cr_arp_d_paging_btm_next_2?ie=UTF8&reviewerType=all_reviews&pageNumber=4,Ashish Kumbhar,"4.0 out of 5 stars
Brand
","
Superb Quality
",Green, 128 GB,yes,Reviewed in India on 4 January 2024
https://www.amazon.in/Apple-iPhone-13-128GB-Product/product-reviews/B09G99CW2N/ref=cm_cr_arp_d_paging_btm_next_2?ie=UTF8&reviewerType=all_reviews&pageNumber=4,Anand S,"4.0 out of 5 stars
Overall Satisfaction, Yet Battery Falls Short Compared to Cheaper Android Phones
","
Overall, Iâ€™m very happy with this phone, but the battery performance doesnâ€™t match up to Android phones that cost half the price.
",Midnight, 128 GB,yes,Reviewed in India on 16 December 2023
https://www.amazon.in/Apple-iPhone-13-128GB-Product/product-reviews/B09G99CW2N/ref=cm_cr_arp_d_paging_btm_next_2?ie=UTF8&reviewerType=all_reviews&pageNumber=4,vivek gupta,"4.0 out of 5 stars
Value for money
","
good one at this price.
",Midnight, 128 GB,yes,Reviewed in India on 22 December 2023
https://www.amazon.in/Apple-iPhone-13-128GB-Product/product-reviews/B09G99CW2N/ref=cm_cr_arp_d_paging_btm_next_2?ie=UTF8&reviewerType=all_reviews&pageNumber=4,Yashwant makwana,"4.0 out of 5 stars
Smooth and Brightness
","
The phone is smooth and less engaging and in gaming it super fast but lowers brightness while. Need an automatic brightness button to switch off
",Midnight, 128 GB,yes,Reviewed in India on 13 December 2023
https://www.amazon.in/Apple-iPhone-13-128GB-Product/product-reviews/B09G99CW2N/ref=cm_cr_arp_d_paging_btm_next_2?ie=UTF8&reviewerType=all_reviews&pageNumber=4,Rana vivek,"4.0 out of 5 stars
Good product
","
Good product
",Midnight, 128 GB,yes,Reviewed in India on 19 December 2023
https://www.amazon.in/Apple-iPhone-13-128GB-Product/product-reviews/B09G99CW2N/ref=cm_cr_arp_d_paging_btm_next_2?ie=UTF8&reviewerType=all_reviews&pageNumber=4,Rinki Chowdhury,"4.0 out of 5 stars
Luv the phone
","
Luv the phone and the camera is awesome
",Midnight, 128 GB,yes,Reviewed in India on 16 December 2023
https://www.amazon.in/Apple-iPhone-13-128GB-Product/product-reviews/B09G99CW2N/ref=cm_cr_arp_d_paging_btm_next_2?ie=UTF8&reviewerType=all_reviews&pageNumber=5,Shehzaad Shaikh ,"5.0 out of 5 stars
Camera and built design
","
No words to say for camera quality and built design I think itâ€™s much better than 14 Iâ€™m  not comparing but if u want to move to IOS from android then u must buy iphone 13
",Midnight, 128 GB,yes,Reviewed in India on 8 January 2024
https://www.amazon.in/Apple-iPhone-13-128GB-Product/product-reviews/B09G99CW2N/ref=cm_cr_arp_d_paging_btm_next_2?ie=UTF8&reviewerType=all_reviews&pageNumber=5,SHUBHAM,"4.0 out of 5 stars
Excellent Camera
","
First thing first, checked if the product was original or not. For that, check the following1. If the screen has â€œTrue Toneâ€ option.2. Check the Serial Number for â€œMâ€ letter, indicates its new unit.3. Check if IMEI number of the product is same as mentioned on the box.4. Battery Health should be 100%.Pros:1. Camera is one of the best I have used so far.2. Haptic feedback is very great. I noticed it instantly.3. Battery optimisation is very good. Itâ€™s been more than a month and I have never charged it more than 85%. Still I get a days battery easily.4. OS. I have used Android before this. And change in OS was good change as well.Cons:Charge speed is slow. I only charge it when the battery % is around 20%. And it takes 1 to 1.5 hr to charge.Comments:I donâ€™t play any games or do any heavy usage tasks on phone. Itâ€™s just daily tasks like social media, YouTube, etc.
",Green, 128 GB,yes,Reviewed in India on 29 October 2023
https://www.amazon.in/Apple-iPhone-13-128GB-Product/product-reviews/B09G99CW2N/ref=cm_cr_arp_d_paging_btm_next_2?ie=UTF8&reviewerType=all_reviews&pageNumber=5,atik tuglak,"5.0 out of 5 stars
Value for money
","
For me this purchase is full value for money. I bought it on great India festival sales in October and since then this device give me all day battery life good camera awesome sound quality and an excellent screen.
",Green, 128 GB,yes,Reviewed in India on 10 January 2024
https://www.amazon.in/Apple-iPhone-13-128GB-Product/product-reviews/B09G99CW2N/ref=cm_cr_arp_d_paging_btm_next_2?ie=UTF8&reviewerType=all_reviews&pageNumber=5,Naba kumar  das,"4.0 out of 5 stars
Lovely
",,Green, 128 GB,yes,Reviewed in India on 1 January 2024
https://www.amazon.in/Apple-iPhone-13-128GB-Product/product-reviews/B09G99CW2N/ref=cm_cr_arp_d_paging_btm_next_2?ie=UTF8&reviewerType=all_reviews&pageNumber=5,Tejaswini Naik,"4.0 out of 5 stars
Good
","
Good phone
",Midnight, 128 GB,yes,Reviewed in India on 19 December 2023
https://www.amazon.in/Apple-iPhone-13-128GB-Product/product-reviews/B09G99CW2N/ref=cm_cr_arp_d_paging_btm_next_2?ie=UTF8&reviewerType=all_reviews&pageNumber=5,Abhijat Bhide,"5.0 out of 5 stars
My first iPhone
","
This is my first try iPhone. I had this long time dream of possessing an iPhone atleast once in my lifetime. And it finally got fullfilled. Thanks a lot Amazon ğŸ™‚ğŸ™‚ğŸ‘
",Midnight, 128 GB,yes,Reviewed in India on 12 January 2024
https://www.amazon.in/Apple-iPhone-13-128GB-Product/product-reviews/B09G99CW2N/ref=cm_cr_arp_d_paging_btm_next_2?ie=UTF8&reviewerType=all_reviews&pageNumber=5,Amazon Customer,"4.0 out of 5 stars
Good phone but some camera quality issue compare to Samsung fold 5 camera is best
","
Good phone but some camera quality issue compare to Samsung fold 5 camera is best
",Green, 128 GB,yes,Reviewed in India on 13 December 2023
https://www.amazon.in/Apple-iPhone-13-128GB-Product/product-reviews/B09G99CW2N/ref=cm_cr_arp_d_paging_btm_next_2?ie=UTF8&reviewerType=all_reviews&pageNumber=5,Tarun Kumar,"4.0 out of 5 stars
Good and original product from Amazon
","
Good quality product, original and genuine. But product delivery was very poor and exchange experience was very bad
",Green, 128 GB,yes,Reviewed in India on 12 December 2023
https://www.amazon.in/Apple-iPhone-13-128GB-Product/product-reviews/B09G99CW2N/ref=cm_cr_arp_d_paging_btm_next_2?ie=UTF8&reviewerType=all_reviews&pageNumber=5,Mohd Tabish,"4.0 out of 5 stars
Amazing
","
Phone is very nice and amazing
",Green, 128 GB,yes,Reviewed in India on 15 December 2023
https://www.amazon.in/Apple-iPhone-13-128GB-Product/product-reviews/B09G99CW2N/ref=cm_cr_arp_d_paging_btm_next_2?ie=UTF8&reviewerType=all_reviews&pageNumber=5,Rohan Bhardwaj,"4.0 out of 5 stars
Night camera not good
","
Jisko bi raat m reel bnanna ho ya video lena ho to yeh 13 mat lena raat ki footage bhot bkar h aesa lagta h 15k ka phn h din din m bdia record karta h raat hote h bkar karta h ishe.bdia s22 lelena yeh mat lena raat ke liye khaskar
",Green, 128 GB,yes,Reviewed in India on 25 November 2023
https://www.amazon.in/Apple-iPhone-13-128GB-Product/product-reviews/B09G99CW2N/ref=cm_cr_arp_d_paging_btm_next_2?ie=UTF8&reviewerType=all_reviews&pageNumber=6,Swapnaneel,"4.0 out of 5 stars
Confusing thoughts i had!
","
Well! At the beginning i was quite worried about that from where should i buy my phone . I searched for n numbers of seller but after reading the reviews i managed to get the order. I was confused as there were fake phones been delivered. But ya! Anyone having confusion on where should they order from then this is right place to order from.I bought iphone 13 (blue) which was delivered to me nd i was satisfied with the packaging nd the mobile was in good condition!I dont write reviews but the confusion between the fake and real ones was quite challenging!  Though i m happy with the delivery! And this is my first iphone too  :)
",Green, 128 GB,yes,Reviewed in India on 4 November 2023
https://www.amazon.in/Apple-iPhone-13-128GB-Product/product-reviews/B09G99CW2N/ref=cm_cr_arp_d_paging_btm_next_2?ie=UTF8&reviewerType=all_reviews&pageNumber=6,VIJAY CHANDRA PODDAR,"4.0 out of 5 stars
The All In One Beast iphone 13 Sagment King
","




                    The media could not be loaded.
                



Â The All In One Beast iphone 13 Sagment King
",Green, 128 GB,yes,Reviewed in India on 6 January 2024
https://www.amazon.in/Apple-iPhone-13-128GB-Product/product-reviews/B09G99CW2N/ref=cm_cr_arp_d_paging_btm_next_2?ie=UTF8&reviewerType=all_reviews&pageNumber=6,Neeraj Rathor,"4.0 out of 5 stars
Good phone
","
Good phone
",Green, 128 GB,yes,Reviewed in India on 12 December 2023
https://www.amazon.in/Apple-iPhone-13-128GB-Product/product-reviews/B09G99CW2N/ref=cm_cr_arp_d_paging_btm_next_2?ie=UTF8&reviewerType=all_reviews&pageNumber=6,Furkan shah,"4.0 out of 5 stars
Nice mobile
","
Super cool
",Green, 128 GB,yes,Reviewed in India on 11 December 2023
https://www.amazon.in/Apple-iPhone-13-128GB-Product/product-reviews/B09G99CW2N/ref=cm_cr_arp_d_paging_btm_next_2?ie=UTF8&reviewerType=all_reviews&pageNumber=6,Placeholder,"4.0 out of 5 stars
iphone 13
","
yeah its good in vids but when it comes to photo my s22 beats in clear â€¦ but as ios is more stable its good
",Green, 128 GB,yes,Reviewed in India on 4 December 2023
https://www.amazon.in/Apple-iPhone-13-128GB-Product/product-reviews/B09G99CW2N/ref=cm_cr_arp_d_paging_btm_next_2?ie=UTF8&reviewerType=all_reviews&pageNumber=6,Rahul Nair,"5.0 out of 5 stars
Best phone in this price range
","




                    The media could not be loaded.
                



Â Camera clarity rear is best.Front camera is good in outdoor that also mainly in day time. Night mode is ğŸ”¥if you know how to use it.Performance is good.Display is good.Audio is good.If they could just add some accessories which they  stopped providing with it. Than it would have been great but rest this iPhone is the best you can get in this price range. For me it is value for money. Iâ€™m adding some of the pics taken from this iPhone. Thanks for reading this review have a nice dayâœŒï¸
",Green, 128 GB,yes,Reviewed in India on 5 January 2024
https://www.amazon.in/Apple-iPhone-13-128GB-Product/product-reviews/B09G99CW2N/ref=cm_cr_arp_d_paging_btm_next_2?ie=UTF8&reviewerType=all_reviews&pageNumber=6,santosh bilhore,"5.0 out of 5 stars
Good product
","
It's first time I ever purchased an iPhone online I was a bit worried what if i gets a refurbished or pre activated phone but nvm it's all good. Thank you! Definately you can go for itğŸ‘ I would recommend
",Green, 128 GB,yes,Reviewed in India on 3 January 2024
https://www.amazon.in/Apple-iPhone-13-128GB-Product/product-reviews/B09G99CW2N/ref=cm_cr_arp_d_paging_btm_next_2?ie=UTF8&reviewerType=all_reviews&pageNumber=6,raja gupta,"4.0 out of 5 stars
Good deal
","
Good deal superb
",Green, 128 GB,yes,Reviewed in India on 31 December 2023
https://www.amazon.in/Apple-iPhone-13-128GB-Product/product-reviews/B09G99CW2N/ref=cm_cr_arp_d_paging_btm_next_2?ie=UTF8&reviewerType=all_reviews&pageNumber=6,Shubham yadav,"5.0 out of 5 stars
Good electronic device ğŸ™ƒ
","
Good device although the apple was half eaten, but I donâ€™t mind. Maybe the delivery guy was hungry. Also it gives 5+ charm you can switch to pro max if you want 15+ charm. All over a good device, just the lady wonâ€™t come out of the phone, even when i told her i got a gf. Maybe sheâ€™s attached to me now. Her nameâ€™s siri she says.
",Green, 128 GB,yes,Reviewed in India on 30 December 2023
https://www.amazon.in/Apple-iPhone-13-128GB-Product/product-reviews/B09G99CW2N/ref=cm_cr_arp_d_paging_btm_next_2?ie=UTF8&reviewerType=all_reviews&pageNumber=6,Jackson,"4.0 out of 5 stars
Average
","
Product is good but if it is 45k then deal would be perfect . 60k is over priced
",Green, 128 GB,yes,Reviewed in India on 2 December 2023
https://www.amazon.in/Apple-iPhone-13-128GB-Product/product-reviews/B09G99CW2N/ref=cm_cr_arp_d_paging_btm_next_2?ie=UTF8&reviewerType=all_reviews&pageNumber=7,Mehak,"5.0 out of 5 stars
Best â¤ï¸
","
This is my first ever iphone ğŸ“± And i am in love with this â¤ï¸ğŸ¥°ğŸ˜˜
",Midnight, 128 GB,yes,Reviewed in India on 7 January 2024
https://www.amazon.in/Apple-iPhone-13-128GB-Product/product-reviews/B09G99CW2N/ref=cm_cr_arp_d_paging_btm_next_2?ie=UTF8&reviewerType=all_reviews&pageNumber=7,Jay prakash,"4.0 out of 5 stars
Superb camera
","
Best all rounder phone under 50k
",Midnight, 128 GB,yes,Reviewed in India on 7 December 2023
https://www.amazon.in/Apple-iPhone-13-128GB-Product/product-reviews/B09G99CW2N/ref=cm_cr_arp_d_paging_btm_next_2?ie=UTF8&reviewerType=all_reviews&pageNumber=7,Naveen Reddy,"4.0 out of 5 stars
Good one as expected
","
It has been about a month since received the phone. My over all experience of using it has been excellent as of now. But the only thing which I felt compromised is the battery life. When using often, I am seeing the battery getting drained fast.Except that, everything has been in line with my expectations from an Iphone.
",Midnight, 128 GB,yes,Reviewed in India on 11 November 2023
https://www.amazon.in/Apple-iPhone-13-128GB-Product/product-reviews/B09G99CW2N/ref=cm_cr_arp_d_paging_btm_next_2?ie=UTF8&reviewerType=all_reviews&pageNumber=7,mahesh,"4.0 out of 5 stars
First iPhone experience
","
Compact screen size with best display and battery is average not as expected but good for medium user and heating sometimes while turn on wifi and watching videos for long time and excellent cameras and without case it attracts fingerprints and network issues while turn on mobile data and playing youtube videos some lag and sound is good from speaker .
",Midnight, 128 GB,yes,Reviewed in India on 11 November 2023
https://www.amazon.in/Apple-iPhone-13-128GB-Product/product-reviews/B09G99CW2N/ref=cm_cr_arp_d_paging_btm_next_2?ie=UTF8&reviewerType=all_reviews&pageNumber=7,Gopal,"5.0 out of 5 stars
Awesome phone
","
Build is very good, only my concer is its battery backup but you can spend 1 day on light usage
",Midnight, 128 GB,yes,Reviewed in India on 6 January 2024
https://www.amazon.in/Apple-iPhone-13-128GB-Product/product-reviews/B09G99CW2N/ref=cm_cr_arp_d_paging_btm_next_2?ie=UTF8&reviewerType=all_reviews&pageNumber=7,Adidas,"4.0 out of 5 stars
Battery Performance
","
Using This phone for 1 month battery needs to be upgraded otherwise it is good.
",Green, 128 GB,yes,Reviewed in India on 7 December 2023
https://www.amazon.in/Apple-iPhone-13-128GB-Product/product-reviews/B09G99CW2N/ref=cm_cr_arp_d_paging_btm_next_2?ie=UTF8&reviewerType=all_reviews&pageNumber=7,Hma,"5.0 out of 5 stars
Worth it
","
Product was received in good condition and no glitches or problems
",Green, 128 GB,yes,Reviewed in India on 11 January 2024
https://www.amazon.in/Apple-iPhone-13-128GB-Product/product-reviews/B09G99CW2N/ref=cm_cr_arp_d_paging_btm_next_2?ie=UTF8&reviewerType=all_reviews&pageNumber=7,Arun Khairnar,"5.0 out of 5 stars
Good product
","
I use this mobile phone camera quality other functions is good worth if you get this product under 50k thank you Amazon to quality products and your commitment
",Green, 128 GB,yes,Reviewed in India on 30 December 2023
https://www.amazon.in/Apple-iPhone-13-128GB-Product/product-reviews/B09G99CW2N/ref=cm_cr_arp_d_paging_btm_next_2?ie=UTF8&reviewerType=all_reviews&pageNumber=7,Subhadip Maity,"4.0 out of 5 stars
Overall good
","
Good phone. But camera quality is average. But i got in Great indian sale at 43749 so in this price it's good.
",Green, 128 GB,yes,Reviewed in India on 25 November 2023
https://www.amazon.in/Apple-iPhone-13-128GB-Product/product-reviews/B09G99CW2N/ref=cm_cr_arp_d_paging_btm_next_2?ie=UTF8&reviewerType=all_reviews&pageNumber=7,Shiv0639,"5.0 out of 5 stars
Itâ€™s Apple! It doesnâ€™t need a review..
","
Apple 13! Superb phone.. Great feeling to have owned it..
",Midnight, 128 GB,yes,Reviewed in India on 9 January 2024
https://www.amazon.in/Apple-iPhone-13-128GB-Product/product-reviews/B09G99CW2N/ref=cm_cr_arp_d_paging_btm_next_2?ie=UTF8&reviewerType=all_reviews&pageNumber=8,Tarana,"5.0 out of 5 stars
Great phone
","
Bought it in the great India festival sale and Itâ€™s really a great phone in every aspect.
",Midnight, 128 GB,yes,Reviewed in India on 6 January 2024
https://www.amazon.in/Apple-iPhone-13-128GB-Product/product-reviews/B09G99CW2N/ref=cm_cr_arp_d_paging_btm_next_2?ie=UTF8&reviewerType=all_reviews&pageNumber=8,Ajay kumar Mahato,"5.0 out of 5 stars
No words to say for iphone
","
Best phoneA change in my life from Android to iphoneIts means very much for me.Now i don't want any DSLR CAMERABecause iphone has fullfill my dreamsSooo good camera just like any DSLR camera4k videoWow amazing ğŸ¤©ğŸ¤©ğŸ¤©Very happy after buying iphone as it is my first ever ,soo expensive phone in my life
",Midnight, 128 GB,yes,Reviewed in India on 23 December 2023
https://www.amazon.in/Apple-iPhone-13-128GB-Product/product-reviews/B09G99CW2N/ref=cm_cr_arp_d_paging_btm_next_2?ie=UTF8&reviewerType=all_reviews&pageNumber=8,Pradeep,"5.0 out of 5 stars
Tremendous
","
No cons, only prosCamPerformanceBatteryAll rounder
",Starlight, 256 GB,yes,Reviewed in India on 10 January 2024
https://www.amazon.in/Apple-iPhone-13-128GB-Product/product-reviews/B09G99CW2N/ref=cm_cr_arp_d_paging_btm_next_2?ie=UTF8&reviewerType=all_reviews&pageNumber=8,Atul srivastava,"5.0 out of 5 stars
What displayed some got the product.
","
Yes, product is good working smooth.
",Midnight, 128 GB,yes,Reviewed in India on 7 January 2024
https://www.amazon.in/Apple-iPhone-13-128GB-Product/product-reviews/B09G99CW2N/ref=cm_cr_arp_d_paging_btm_next_2?ie=UTF8&reviewerType=all_reviews&pageNumber=8,Subrata Banerjee,"4.0 out of 5 stars
Missing power adopter!!
","
Please note I have already complained to executive that I have not received Adopter in my phone box. There was power cord without adopter to connect main plug point. Please arrange the same and send it to me !
",Midnight, 128 GB,yes,Reviewed in India on 19 November 2023
https://www.amazon.in/Apple-iPhone-13-128GB-Product/product-reviews/B09G99CW2N/ref=cm_cr_arp_d_paging_btm_next_2?ie=UTF8&reviewerType=all_reviews&pageNumber=8,lokendra kumar,"4.0 out of 5 stars
All good but did not get the sealed pack
","
I have been using iPhone from last 8 year so I am aware of the quality and the features so nothing much to share since its elite in this segment.Just one thing the that iPhone I received was not sealed pack so Amazon team requested to check on the secure packaging like Flipkart
",Midnight, 128 GB,yes,Reviewed in India on 8 November 2023
https://www.amazon.in/Apple-iPhone-13-128GB-Product/product-reviews/B09G99CW2N/ref=cm_cr_arp_d_paging_btm_next_2?ie=UTF8&reviewerType=all_reviews&pageNumber=8,Deepak M V ,"5.0 out of 5 stars
About the seller,
","
You can trust the seller, Original Apple product.
",Midnight, 128 GB,yes,Reviewed in India on 13 January 2024
https://www.amazon.in/Apple-iPhone-13-128GB-Product/product-reviews/B09G99CW2N/ref=cm_cr_arp_d_paging_btm_next_2?ie=UTF8&reviewerType=all_reviews&pageNumber=8,SHAHAD.T,"4.0 out of 5 stars
Right choice
","
I have been using iPhone 13 for the last 1 month. A great experience.Right now ios17.1 runningJust captivateing stuff
",Green, 128 GB,yes,Reviewed in India on 27 November 2023
https://www.amazon.in/Apple-iPhone-13-128GB-Product/product-reviews/B09G99CW2N/ref=cm_cr_arp_d_paging_btm_next_2?ie=UTF8&reviewerType=all_reviews&pageNumber=8,Dragon plays,"4.0 out of 5 stars
Best
","
I like it
",Green, 128 GB,yes,Reviewed in India on 4 December 2023
https://www.amazon.in/Apple-iPhone-13-128GB-Product/product-reviews/B09G99CW2N/ref=cm_cr_arp_d_paging_btm_next_2?ie=UTF8&reviewerType=all_reviews&pageNumber=8,Basharat kareem,"5.0 out of 5 stars
Best delivery service
","
Like it product all rounder phone
",Green, 128 GB,yes,Reviewed in India on 3 January 2024
https://www.amazon.in/Apple-iPhone-13-128GB-Product/product-reviews/B09G99CW2N/ref=cm_cr_arp_d_paging_btm_next_2?ie=UTF8&reviewerType=all_reviews&pageNumber=9,Ankit kalbande,"4.0 out of 5 stars
Quality
","




                    The media could not be loaded.
                



Â Okay so talking about the phone, before the delivery i was worried about the product as i saw there were not many reviews from other buyers about the seller.. But delivery went well and i got the iPhone.No lies the phone is so far good but there's a catch when i unboxed the package the iPhone box had some dirt on it not too much but it was there then inside the box there was the phone which had some of dust particles on it i don't know how but the phone was sealed packed!!Now talking about the phone it's nice and it's been just one day of having it.. Will write a full review after a longer usage then conclude my thoughts on it but ya phone looks and feel in Starlight color is very premium. From switching Android to IOS it's bit a different feel can't explain that but yaa it'll take time to adjust.
",Green, 128 GB,yes,Reviewed in India on 9 October 2023
https://www.amazon.in/Apple-iPhone-13-128GB-Product/product-reviews/B09G99CW2N/ref=cm_cr_arp_d_paging_btm_next_2?ie=UTF8&reviewerType=all_reviews&pageNumber=9,Sumit jat,"4.0 out of 5 stars
Good camera quality
","
Battery quality ğŸ‘Performance is best
",Green, 128 GB,yes,Reviewed in India on 28 November 2023
https://www.amazon.in/Apple-iPhone-13-128GB-Product/product-reviews/B09G99CW2N/ref=cm_cr_arp_d_paging_btm_next_2?ie=UTF8&reviewerType=all_reviews&pageNumber=9,Mukesh Chand,"5.0 out of 5 stars
Good phone according to budget............
","
Good phone according to budget................
",Green, 128 GB,yes,Reviewed in India on 15 January 2024
https://www.amazon.in/Apple-iPhone-13-128GB-Product/product-reviews/B09G99CW2N/ref=cm_cr_arp_d_paging_btm_next_2?ie=UTF8&reviewerType=all_reviews&pageNumber=9,Punith,"5.0 out of 5 stars
Awesome
","
Awesome right value product
",Green, 128 GB,yes,Reviewed in India on 7 January 2024
https://www.amazon.in/Apple-iPhone-13-128GB-Product/product-reviews/B09G99CW2N/ref=cm_cr_arp_d_paging_btm_next_2?ie=UTF8&reviewerType=all_reviews&pageNumber=9,ADARSHA S K,"4.0 out of 5 stars
It's Iphone
","
Best to buy on big billion days to get it for best price we bought 3 colour was good and iphone is all about brand (Apple) and it's camera (cinematic mode) now with improved battery, there is no point for hang in. IOS as they built with bionic chipset smooth and fast performance, go for it if your budget price is within 45-50K
",Green, 128 GB,yes,Reviewed in India on 6 November 2023
https://www.amazon.in/Apple-iPhone-13-128GB-Product/product-reviews/B09G99CW2N/ref=cm_cr_arp_d_paging_btm_next_2?ie=UTF8&reviewerType=all_reviews&pageNumber=9,Vivek kahar,"5.0 out of 5 stars
Good
","
Best camera quality
",Green, 128 GB,yes,Reviewed in India on 13 January 2024
https://www.amazon.in/Apple-iPhone-13-128GB-Product/product-reviews/B09G99CW2N/ref=cm_cr_arp_d_paging_btm_next_2?ie=UTF8&reviewerType=all_reviews&pageNumber=9,Shakeel Khan,"5.0 out of 5 stars
Nice
","
Awesome product ğŸ‘Œ
",Green, 128 GB,yes,Reviewed in India on 10 January 2024
https://www.amazon.in/Apple-iPhone-13-128GB-Product/product-reviews/B09G99CW2N/ref=cm_cr_arp_d_paging_btm_next_2?ie=UTF8&reviewerType=all_reviews&pageNumber=9,Kavitha Chandra,"5.0 out of 5 stars
It's really took gud
","
Such a great app
",Green, 128 GB,yes,Reviewed in India on 10 January 2024
https://www.amazon.in/Apple-iPhone-13-128GB-Product/product-reviews/B09G99CW2N/ref=cm_cr_arp_d_paging_btm_next_2?ie=UTF8&reviewerType=all_reviews&pageNumber=9,Mukil,"4.0 out of 5 stars
Not fake
","
Itâ€™s original product not fake brand new one no 2nd copy product serial number is oringinal start with m so itâ€™s original apple product
",Green, 128 GB,yes,Reviewed in India on 19 November 2023
https://www.amazon.in/Apple-iPhone-13-128GB-Product/product-reviews/B09G99CW2N/ref=cm_cr_arp_d_paging_btm_next_2?ie=UTF8&reviewerType=all_reviews&pageNumber=9,Sandeep ,"5.0 out of 5 stars
Nice
",,Green, 128 GB,yes,Reviewed in India on 12 January 2024
https://www.amazon.in/Apple-iPhone-13-128GB-Product/product-reviews/B09G99CW2N/ref=cm_cr_arp_d_paging_btm_next_2?ie=UTF8&reviewerType=all_reviews&pageNumber=10,Payal Majithia,"5.0 out of 5 stars
Best phone to buy
","
Best phone at only 50k
",Green, 128 GB,yes,Reviewed in India on 7 January 2024
https://www.amazon.in/Apple-iPhone-13-128GB-Product/product-reviews/B09G99CW2N/ref=cm_cr_arp_d_paging_btm_next_2?ie=UTF8&reviewerType=all_reviews&pageNumber=10,Vaibhav Singh,"4.0 out of 5 stars
Performance
","
Itâ€™s 3 year old product but giving tough competition to new phones ğŸ˜
",Green, 128 GB,yes,Reviewed in India on 22 November 2023
https://www.amazon.in/Apple-iPhone-13-128GB-Product/product-reviews/B09G99CW2N/ref=cm_cr_arp_d_paging_btm_next_2?ie=UTF8&reviewerType=all_reviews&pageNumber=10,BASHA VALI SHAIK,"5.0 out of 5 stars
Apple ğŸ
","
Apple iPhone
",Green, 128 GB,yes,Reviewed in India on 8 January 2024
https://www.amazon.in/Apple-iPhone-13-128GB-Product/product-reviews/B09G99CW2N/ref=cm_cr_arp_d_paging_btm_next_2?ie=UTF8&reviewerType=all_reviews&pageNumber=10,Lip,"5.0 out of 5 stars
Iphone 13 Red ğŸ”´
","
I love this color â¤ Very nice packaging ğŸ˜Š
",Green, 128 GB,yes,Reviewed in India on 7 January 2024
https://www.amazon.in/Apple-iPhone-13-128GB-Product/product-reviews/B09G99CW2N/ref=cm_cr_arp_d_paging_btm_next_2?ie=UTF8&reviewerType=all_reviews&pageNumber=10,parvez h.,"5.0 out of 5 stars
Itâ€™s good
","
Cool
",Green, 128 GB,yes,Reviewed in India on 10 January 2024
https://www.amazon.in/Apple-iPhone-13-128GB-Product/product-reviews/B09G99CW2N/ref=cm_cr_arp_d_paging_btm_next_2?ie=UTF8&reviewerType=all_reviews&pageNumber=10,Amazon Customer,"5.0 out of 5 stars
Good
","
Seller is trustable got the original sealed product
",Midnight, 128 GB,yes,Reviewed in India on 2 January 2024
https://www.amazon.in/Apple-iPhone-13-128GB-Product/product-reviews/B09G99CW2N/ref=cm_cr_arp_d_paging_btm_next_2?ie=UTF8&reviewerType=all_reviews&pageNumber=10,Placeholder,"5.0 out of 5 stars
VERY GOOD PRODUCT WITH IN BUDGET
","
GOOD PRODUCT
",Midnight, 128 GB,yes,Reviewed in India on 5 January 2024
https://www.amazon.in/Apple-iPhone-13-128GB-Product/product-reviews/B09G99CW2N/ref=cm_cr_arp_d_paging_btm_next_2?ie=UTF8&reviewerType=all_reviews&pageNumber=10,Mohammad Abdul Matheen,"5.0 out of 5 stars
Awesome
","
Overall value more than money!
",Midnight, 128 GB,yes,Reviewed in India on 7 January 2024
https://www.amazon.in/Apple-iPhone-13-128GB-Product/product-reviews/B09G99CW2N/ref=cm_cr_arp_d_paging_btm_next_2?ie=UTF8&reviewerType=all_reviews&pageNumber=10,Lal M.,"5.0 out of 5 stars
It feels great to fulfill some desires
","
Great product in 50,500 rsUsing it feels great , also social confident, andDreamIn todayâ€™s , world 1st dream of the people is to have an iphone!Soon will upgrade to 15 pro !
",Midnight, 128 GB,yes,Reviewed in India on 22 December 2023
https://www.amazon.in/Apple-iPhone-13-128GB-Product/product-reviews/B09G99CW2N/ref=cm_cr_arp_d_paging_btm_next_2?ie=UTF8&reviewerType=all_reviews&pageNumber=10,ravneet kour,"5.0 out of 5 stars
â¤ï¸
","
Lovelllyyyy!
",Midnight, 128 GB,yes,Reviewed in India on 12 January 2024
